USE cmpe172project;
-- Developer Table Values
INSERT INTO Developer(devName,devID,web_address,devCountry,filename_prefix) VALUES ('ADHD',1,'https://audiotools.se/about/','SWE','ADHD');
INSERT INTO Developer(devName,devID,web_address,devCountry,filename_prefix) VALUES ('Ample Sound',2,'https://www.amplesound.net/en/index.asp','CHN','AMPLE');
INSERT INTO Developer(devName,devID,web_address,devCountry,filename_prefix) VALUES ('Audio Damage',3,'https://www.audiodamage.com/','USA','AD');
INSERT INTO Developer(devName,devID,web_address,devCountry,filename_prefix) VALUES ('Bitsonic Audio',4,'https://vstplug-ins.com/index.html','HUN','BITSONIC');
INSERT INTO Developer(devName,devID,web_address,devCountry,filename_prefix) VALUES ('CableGuys',5,'https://www.cableguys.com/','GER','CB');
INSERT INTO Developer(devName,devID,web_address,devCountry,filename_prefix) VALUES ('Camel Audio',6,NULL,NULL,'CAMEL');
INSERT INTO Developer(devName,devID,web_address,devCountry,filename_prefix) VALUES ('Celemony',7,'https://www.celemony.com/en/start','GER','CEL');
INSERT INTO Developer(devName,devID,web_address,devCountry,filename_prefix) VALUES ('ConcreteFX',8,NULL,NULL,'CONC');
INSERT INTO Developer(devName,devID,web_address,devCountry,filename_prefix) VALUES ('Creative Intent',9,'https://www.creativeintent.co/','GBR','CI');
INSERT INTO Developer(devName,devID,web_address,devCountry,filename_prefix) VALUES ('Daichi Laboratory',10,'https://daichilab.sakura.ne.jp/Synthesizer/index.html','JPN','DAICHI');
INSERT INTO Developer(devName,devID,web_address,devCountry,filename_prefix) VALUES ('dblue',11,'https://illformed.org/','GBR','DBLUE');
INSERT INTO Developer(devName,devID,web_address,devCountry,filename_prefix) VALUES ('FabFilter',12,'https://www.fabfilter.com/','NLD','FF');
INSERT INTO Developer(devName,devID,web_address,devCountry,filename_prefix) VALUES ('Flux',13,'https://www.flux.audio/','FRA','FLUX');
INSERT INTO Developer(devName,devID,web_address,devCountry,filename_prefix) VALUES ('GVST',14,'https://www.gvst.co.uk/','GBR','G');
INSERT INTO Developer(devName,devID,web_address,devCountry,filename_prefix) VALUES ('iZotope',15,'https://www.izotope.com/','USA','IZOTOPE');
INSERT INTO Developer(devName,devID,web_address,devCountry,filename_prefix) VALUES ('Kilohearts',16,'https://kilohearts.com/','CHE','KHS');
INSERT INTO Developer(devName,devID,web_address,devCountry,filename_prefix) VALUES ('Matt Tytel',17,'https://tytel.org/','USA','TYTEL');
INSERT INTO Developer(devName,devID,web_address,devCountry,filename_prefix) VALUES ('Melda Production',18,'https://www.meldaproduction.com/','CZE','MELDA');
INSERT INTO Developer(devName,devID,web_address,devCountry,filename_prefix) VALUES ('Pascal Gauthier',19,'https://github.com/asb2m10','CAN','GAUTH');
INSERT INTO Developer(devName,devID,web_address,devCountry,filename_prefix) VALUES ('Plogue',20,'https://www.plogue.com/','CAN','PLOGUE');
INSERT INTO Developer(devName,devID,web_address,devCountry,filename_prefix) VALUES ('Plugin Alliance',21,'https://www.plugin-alliance.com/','USA','PA');
INSERT INTO Developer(devName,devID,web_address,devCountry,filename_prefix) VALUES ('Singing Monk',22,'http://www.audionerdz.com/','NLD','SM');
INSERT INTO Developer(devName,devID,web_address,devCountry,filename_prefix) VALUES ('Slate Digital',23,'https://slatedigital.com/','USA','SLATE');
INSERT INTO Developer(devName,devID,web_address,devCountry,filename_prefix) VALUES ('SocaLabs',24,'https://socalabs.com/',NULL,'SL');
INSERT INTO Developer(devName,devID,web_address,devCountry,filename_prefix) VALUES ('Softube',25,'https://www.softube.com/','SWE','SOFTUBE');
INSERT INTO Developer(devName,devID,web_address,devCountry,filename_prefix) VALUES ('Spitfire Audio',26,'https://www.spitfireaudio.com/','GBR','SPITFIRE');
INSERT INTO Developer(devName,devID,web_address,devCountry,filename_prefix) VALUES ('TAL',27,'https://tal-software.com/','CHE','TAL');
INSERT INTO Developer(devName,devID,web_address,devCountry,filename_prefix) VALUES ('Tokyo Dawn Records',28,'https://www.tokyodawn.net/tokyo-dawn-labs/','GER','TDR');
INSERT INTO Developer(devName,devID,web_address,devCountry,filename_prefix) VALUES ('Tritik',29,'https://www.tritik.com/','FRA','TRITIK');
INSERT INTO Developer(devName,devID,web_address,devCountry,filename_prefix) VALUES ('u-he',30,'https://u-he.com/','GER','UHE');
INSERT INTO Developer(devName,devID,web_address,devCountry,filename_prefix) VALUES ('Valhalla DSP',31,'https://valhalladsp.com/','USA','VAL');
INSERT INTO Developer(devName,devID,web_address,devCountry,filename_prefix) VALUES ('VCV Rack',32,'https://vcvrack.com/','USA','VCV');
INSERT INTO Developer(devName,devID,web_address,devCountry,filename_prefix) VALUES ('VOLOCO',33,'https://resonantcavity.com/','USA','VOL');
INSERT INTO Developer(devName,devID,web_address,devCountry,filename_prefix) VALUES ('Voxengo',34,'https://www.voxengo.com/','RUS','VOX');
INSERT INTO Developer(devName,devID,web_address,devCountry,filename_prefix) VALUES ('XFER',35,'https://xferrecords.com/','USA','XFER');
INSERT INTO Developer(devName,devID,web_address,devCountry,filename_prefix) VALUES ('Youlean',36,'https://youlean.co/','GBR','YOU');
INSERT INTO Developer(devName,devID,web_address,devCountry,filename_prefix) VALUES ('Image-Line',37,'https://www.image-line.com/','BEL','FRUITY');
INSERT INTO Developer(devName,devID,web_address,devCountry,filename_prefix) VALUES ('Ableton',38,'https://www.ableton.com/en/','GER','GER');
INSERT INTO Developer(devName,devID,web_address,devCountry,filename_prefix) VALUES ('PreSonus',39,'https://presonus.com/en','USA','PS');
INSERT INTO Developer(devName,devID,web_address,devCountry,filename_prefix) VALUES ('Cockos',40,'https://www.reaper.fm/','USA','COCK');
INSERT INTO Developer(devName,devID,web_address,devCountry,filename_prefix) VALUES ('Steinberg',41,'https://www.steinberg.net/','GER','STEIN');
INSERT INTO Developer(devName,devID,web_address,devCountry,filename_prefix) VALUES ('Avid',42,'https://www.avid.com/pro-tools/','USA','AVID');

-- Plugin Table Values
INSERT INTO Plugin(pluginID,Name,devID,pluginType,pluginSubType,isFree,hasLicense) VALUES (1,'Pro-Q 3',12,'FX','EQ',FALSE,TRUE);
INSERT INTO Plugin(pluginID,Name,devID,pluginType,pluginSubType,isFree,hasLicense) VALUES (2,'Pro-R',12,'FX','Reverb',FALSE,TRUE);
INSERT INTO Plugin(pluginID,Name,devID,pluginType,pluginSubType,isFree,hasLicense) VALUES (3,'Pro-L 2',12,'FX','Dynamics',FALSE,TRUE);
INSERT INTO Plugin(pluginID,Name,devID,pluginType,pluginSubType,isFree,hasLicense) VALUES (4,'Pro-C 2',12,'FX','Dynamics',FALSE,TRUE);
INSERT INTO Plugin(pluginID,Name,devID,pluginType,pluginSubType,isFree,hasLicense) VALUES (5,'Pro-MB',12,'FX','Dynamics',FALSE,TRUE);
INSERT INTO Plugin(pluginID,Name,devID,pluginType,pluginSubType,isFree,hasLicense) VALUES (6,'Pro-DS',12,'FX','Dynamics',FALSE,TRUE);
INSERT INTO Plugin(pluginID,Name,devID,pluginType,pluginSubType,isFree,hasLicense) VALUES (7,'Pro-G',12,'FX','Gate',FALSE,TRUE);
INSERT INTO Plugin(pluginID,Name,devID,pluginType,pluginSubType,isFree,hasLicense) VALUES (8,'Saturn 2',12,'FX','Distortion',FALSE,TRUE);
INSERT INTO Plugin(pluginID,Name,devID,pluginType,pluginSubType,isFree,hasLicense) VALUES (9,'Timeless 3',12,'FX','Delay',FALSE,TRUE);
INSERT INTO Plugin(pluginID,Name,devID,pluginType,pluginSubType,isFree,hasLicense) VALUES (10,'PhasePlant',16,'Generator','Synthesizer',FALSE,TRUE);
INSERT INTO Plugin(pluginID,Name,devID,pluginType,pluginSubType,isFree,hasLicense) VALUES (11,'Multipass',16,'FX','Host',FALSE,TRUE);
INSERT INTO Plugin(pluginID,Name,devID,pluginType,pluginSubType,isFree,hasLicense) VALUES (12,'SnapHeap',16,'FX','Host',TRUE,FALSE);
INSERT INTO Plugin(pluginID,Name,devID,pluginType,pluginSubType,isFree,hasLicense) VALUES (13,'Bitcrush',16,'FX','Distortion',FALSE,TRUE);
INSERT INTO Plugin(pluginID,Name,devID,pluginType,pluginSubType,isFree,hasLicense) VALUES (14,'CarveEQ',16,'FX','EQ',FALSE,TRUE);
INSERT INTO Plugin(pluginID,Name,devID,pluginType,pluginSubType,isFree,hasLicense) VALUES (15,'Comb Filter',16,'FX','Filter',FALSE,TRUE);
INSERT INTO Plugin(pluginID,Name,devID,pluginType,pluginSubType,isFree,hasLicense) VALUES (16,'Compressor',16,'FX','Dynamics',FALSE,TRUE);
INSERT INTO Plugin(pluginID,Name,devID,pluginType,pluginSubType,isFree,hasLicense) VALUES (17,'Convolver',16,'FX','Reverb',FALSE,TRUE);
INSERT INTO Plugin(pluginID,Name,devID,pluginType,pluginSubType,isFree,hasLicense) VALUES (18,'Disperser',16,'FX','Filter',FALSE,TRUE);
INSERT INTO Plugin(pluginID,Name,devID,pluginType,pluginSubType,isFree,hasLicense) VALUES (19,'Distortion',16,'FX','Distortion',FALSE,TRUE);
INSERT INTO Plugin(pluginID,Name,devID,pluginType,pluginSubType,isFree,hasLicense) VALUES (20,'Dynamics',16,'FX','Dynamics',FALSE,TRUE);
INSERT INTO Plugin(pluginID,Name,devID,pluginType,pluginSubType,isFree,hasLicense) VALUES (21,'Ensemble',16,'FX','Chorus',FALSE,TRUE);
INSERT INTO Plugin(pluginID,Name,devID,pluginType,pluginSubType,isFree,hasLicense) VALUES (22,'Faturator',16,'FX','Distortion',FALSE,TRUE);
INSERT INTO Plugin(pluginID,Name,devID,pluginType,pluginSubType,isFree,hasLicense) VALUES (23,'Filter',16,'FX','Filter',FALSE,TRUE);
INSERT INTO Plugin(pluginID,Name,devID,pluginType,pluginSubType,isFree,hasLicense) VALUES (24,'Flanger',16,'FX','Filter',FALSE,TRUE);
INSERT INTO Plugin(pluginID,Name,devID,pluginType,pluginSubType,isFree,hasLicense) VALUES (25,'Formant Filter',16,'FX','Filter',FALSE,TRUE);
INSERT INTO Plugin(pluginID,Name,devID,pluginType,pluginSubType,isFree,hasLicense) VALUES (26,'Gate',16,'FX','Gate',FALSE,TRUE);
INSERT INTO Plugin(pluginID,Name,devID,pluginType,pluginSubType,isFree,hasLicense) VALUES (27,'Haas',16,'FX','Imaging',FALSE,TRUE);
INSERT INTO Plugin(pluginID,Name,devID,pluginType,pluginSubType,isFree,hasLicense) VALUES (28,'Ladder Filter',16,'FX','Filter',FALSE,TRUE);
INSERT INTO Plugin(pluginID,Name,devID,pluginType,pluginSubType,isFree,hasLicense) VALUES (29,'Nonlinear Filter',16,'FX','Filter',FALSE,TRUE);
INSERT INTO Plugin(pluginID,Name,devID,pluginType,pluginSubType,isFree,hasLicense) VALUES (30,'Phase Distortion',16,'FX','Distortion',FALSE,TRUE);
INSERT INTO Plugin(pluginID,Name,devID,pluginType,pluginSubType,isFree,hasLicense) VALUES (31,'Phaser',16,'FX','Filter',FALSE,TRUE);
INSERT INTO Plugin(pluginID,Name,devID,pluginType,pluginSubType,isFree,hasLicense) VALUES (32,'Pitch Shifter',16,'FX','Pitch Shift',FALSE,TRUE);
INSERT INTO Plugin(pluginID,Name,devID,pluginType,pluginSubType,isFree,hasLicense) VALUES (33,'Resonator',16,'FX','Misc',FALSE,TRUE);
INSERT INTO Plugin(pluginID,Name,devID,pluginType,pluginSubType,isFree,hasLicense) VALUES (34,'Reverb',16,'FX','Reverb',FALSE,TRUE);
INSERT INTO Plugin(pluginID,Name,devID,pluginType,pluginSubType,isFree,hasLicense) VALUES (35,'Reverser',16,'FX','Misc',FALSE,TRUE);
INSERT INTO Plugin(pluginID,Name,devID,pluginType,pluginSubType,isFree,hasLicense) VALUES (36,'Ring Mod',16,'FX','Modulation',FALSE,TRUE);
INSERT INTO Plugin(pluginID,Name,devID,pluginType,pluginSubType,isFree,hasLicense) VALUES (37,'Slice EQ',16,'FX','EQ',FALSE,TRUE);
INSERT INTO Plugin(pluginID,Name,devID,pluginType,pluginSubType,isFree,hasLicense) VALUES (38,'Tape Stop',16,'FX','Misc',FALSE,TRUE);
INSERT INTO Plugin(pluginID,Name,devID,pluginType,pluginSubType,isFree,hasLicense) VALUES (39,'Trance Gate',16,'FX','Gate',FALSE,TRUE);
INSERT INTO Plugin(pluginID,Name,devID,pluginType,pluginSubType,isFree,hasLicense) VALUES (40,'Transient Shaper',16,'FX','Dynamics',FALSE,TRUE);
INSERT INTO Plugin(pluginID,Name,devID,pluginType,pluginSubType,isFree,hasLicense) VALUES (41,'3-Band EQ',16,'FX','EQ',TRUE,FALSE);
INSERT INTO Plugin(pluginID,Name,devID,pluginType,pluginSubType,isFree,hasLicense) VALUES (42,'Chorus',16,'FX','Chorus',TRUE,FALSE);
INSERT INTO Plugin(pluginID,Name,devID,pluginType,pluginSubType,isFree,hasLicense) VALUES (43,'Delay',16,'FX','Delay',TRUE,FALSE);
INSERT INTO Plugin(pluginID,Name,devID,pluginType,pluginSubType,isFree,hasLicense) VALUES (44,'Gain',16,'FX','Utility',TRUE,FALSE);
INSERT INTO Plugin(pluginID,Name,devID,pluginType,pluginSubType,isFree,hasLicense) VALUES (45,'Limiter',16,'FX','Dynamics',TRUE,FALSE);
INSERT INTO Plugin(pluginID,Name,devID,pluginType,pluginSubType,isFree,hasLicense) VALUES (46,'Stereo',16,'FX','Imaging',TRUE,FALSE);
INSERT INTO Plugin(pluginID,Name,devID,pluginType,pluginSubType,isFree,hasLicense) VALUES (47,'ValhallaDelay',31,'FX','Delay',FALSE,TRUE);
INSERT INTO Plugin(pluginID,Name,devID,pluginType,pluginSubType,isFree,hasLicense) VALUES (48,'Valhalla VintageVerb',31,'FX','Reverb',FALSE,TRUE);
INSERT INTO Plugin(pluginID,Name,devID,pluginType,pluginSubType,isFree,hasLicense) VALUES (49,'ValhallaRoom',31,'FX','Reverb',FALSE,TRUE);
INSERT INTO Plugin(pluginID,Name,devID,pluginType,pluginSubType,isFree,hasLicense) VALUES (50,'ValhallaPlate',31,'FX','Reverb',FALSE,TRUE);
INSERT INTO Plugin(pluginID,Name,devID,pluginType,pluginSubType,isFree,hasLicense) VALUES (51,'ValhallaShimmer',31,'FX','Reverb',FALSE,TRUE);
INSERT INTO Plugin(pluginID,Name,devID,pluginType,pluginSubType,isFree,hasLicense) VALUES (52,'Valhalla UberMod',31,'FX','Chorus',FALSE,TRUE);
INSERT INTO Plugin(pluginID,Name,devID,pluginType,pluginSubType,isFree,hasLicense) VALUES (53,'Valhalla SpaceModulator',31,'FX','Filter',TRUE,FALSE);
INSERT INTO Plugin(pluginID,Name,devID,pluginType,pluginSubType,isFree,hasLicense) VALUES (54,'Valhalla FreqEcho',31,'FX','Delay',TRUE,FALSE);
INSERT INTO Plugin(pluginID,Name,devID,pluginType,pluginSubType,isFree,hasLicense) VALUES (55,'Valhalla SuperMassive',31,'FX','Reverb',TRUE,FALSE);
INSERT INTO Plugin(pluginID,Name,devID,pluginType,pluginSubType,isFree,hasLicense) VALUES (56,'Podolski',30,'Generator','Synthesizer',TRUE,FALSE);
INSERT INTO Plugin(pluginID,Name,devID,pluginType,pluginSubType,isFree,hasLicense) VALUES (57,'TAL-BassLine',27,'Generator','Synthesizer',TRUE,FALSE);
INSERT INTO Plugin(pluginID,Name,devID,pluginType,pluginSubType,isFree,hasLicense) VALUES (58,'Synth1',10,'Generator','Synthesizer',TRUE,FALSE);
INSERT INTO Plugin(pluginID,Name,devID,pluginType,pluginSubType,isFree,hasLicense) VALUES (59,'Dexed',19,'Generator','Synthesizer',TRUE,FALSE);
INSERT INTO Plugin(pluginID,Name,devID,pluginType,pluginSubType,isFree,hasLicense) VALUES (60,'VCV Rack',32,'Generator','Synthesizer',TRUE,FALSE);
INSERT INTO Plugin(pluginID,Name,devID,pluginType,pluginSubType,isFree,hasLicense) VALUES (61,'TyrellN6',30,'Generator','Synthesizer',TRUE,FALSE);
INSERT INTO Plugin(pluginID,Name,devID,pluginType,pluginSubType,isFree,hasLicense) VALUES (62,'Zebralette',30,'Generator','Synthesizer',TRUE,FALSE);
INSERT INTO Plugin(pluginID,Name,devID,pluginType,pluginSubType,isFree,hasLicense) VALUES (63,'Papu',24,'Generator','Synthesizer',TRUE,FALSE);
INSERT INTO Plugin(pluginID,Name,devID,pluginType,pluginSubType,isFree,hasLicense) VALUES (64,'MAutoPitch',18,'FX','Pitch Correction',TRUE,FALSE);
INSERT INTO Plugin(pluginID,Name,devID,pluginType,pluginSubType,isFree,hasLicense) VALUES (65,'GSnap',14,'FX','Pitch Correction',TRUE,FALSE);
INSERT INTO Plugin(pluginID,Name,devID,pluginType,pluginSubType,isFree,hasLicense) VALUES (66,'VOLOCO',33,'FX','Pitch Correction',TRUE,FALSE);
INSERT INTO Plugin(pluginID,Name,devID,pluginType,pluginSubType,isFree,hasLicense) VALUES (67,'Delay Lama',22,'Generator','Synthesizer',TRUE,FALSE);
INSERT INTO Plugin(pluginID,Name,devID,pluginType,pluginSubType,isFree,hasLicense) VALUES (68,'BX_Rockrack V3 Player',21,'FX','Distortion',TRUE,TRUE);
INSERT INTO Plugin(pluginID,Name,devID,pluginType,pluginSubType,isFree,hasLicense) VALUES (69,'Ample Guitar M Lite',2,'Generator','ROMpler',TRUE,FALSE);
INSERT INTO Plugin(pluginID,Name,devID,pluginType,pluginSubType,isFree,hasLicense) VALUES (70,'Ample Bass P Lite 2',2,'Generator','ROMpler',TRUE,FALSE);
INSERT INTO Plugin(pluginID,Name,devID,pluginType,pluginSubType,isFree,hasLicense) VALUES (71,'Keyzone Classic',4,'Generator','ROMpler',TRUE,FALSE);
INSERT INTO Plugin(pluginID,Name,devID,pluginType,pluginSubType,isFree,hasLicense) VALUES (72,'LABS Piano',26,'Generator','ROMpler',TRUE,FALSE);
INSERT INTO Plugin(pluginID,Name,devID,pluginType,pluginSubType,isFree,hasLicense) VALUES (73,'TapeDelay',8,'FX','Delay',TRUE,FALSE);
INSERT INTO Plugin(pluginID,Name,devID,pluginType,pluginSubType,isFree,hasLicense) VALUES (74,'TAL Reverb 4',27,'FX','Reverb',TRUE,FALSE);
INSERT INTO Plugin(pluginID,Name,devID,pluginType,pluginSubType,isFree,hasLicense) VALUES (75,'MConvolutionEZ',18,'FX','Reverb',TRUE,FALSE);
INSERT INTO Plugin(pluginID,Name,devID,pluginType,pluginSubType,isFree,hasLicense) VALUES (76,'OldSkoolVerb',34,'FX','Reverb',TRUE,FALSE);
INSERT INTO Plugin(pluginID,Name,devID,pluginType,pluginSubType,isFree,hasLicense) VALUES (77,'Fresh Air',23,'FX','Misc',TRUE,FALSE);
INSERT INTO Plugin(pluginID,Name,devID,pluginType,pluginSubType,isFree,hasLicense) VALUES (78,'MEqualizer',18,'FX','EQ',TRUE,FALSE);
INSERT INTO Plugin(pluginID,Name,devID,pluginType,pluginSubType,isFree,hasLicense) VALUES (79,'PanCake II',5,'FX','Modulation',TRUE,FALSE);
INSERT INTO Plugin(pluginID,Name,devID,pluginType,pluginSubType,isFree,hasLicense) VALUES (80,'MFlanger',18,'FX','Filter',TRUE,FALSE);
INSERT INTO Plugin(pluginID,Name,devID,pluginType,pluginSubType,isFree,hasLicense) VALUES (81,'MPhaser',18,'FX','Filter',TRUE,FALSE);
INSERT INTO Plugin(pluginID,Name,devID,pluginType,pluginSubType,isFree,hasLicense) VALUES (82,'MRingModulator',18,'FX','Modulation',TRUE,FALSE);
INSERT INTO Plugin(pluginID,Name,devID,pluginType,pluginSubType,isFree,hasLicense) VALUES (83,'MFreqShifter',18,'FX','Misc',TRUE,FALSE);
INSERT INTO Plugin(pluginID,Name,devID,pluginType,pluginSubType,isFree,hasLicense) VALUES (84,'MTremolo',18,'FX','Modulation',TRUE,FALSE);
INSERT INTO Plugin(pluginID,Name,devID,pluginType,pluginSubType,isFree,hasLicense) VALUES (85,'MVibrato',18,'FX','Pitch Shift',TRUE,FALSE);
INSERT INTO Plugin(pluginID,Name,devID,pluginType,pluginSubType,isFree,hasLicense) VALUES (86,'TAL-Vocoder',27,'FX','Misc',TRUE,FALSE);
INSERT INTO Plugin(pluginID,Name,devID,pluginType,pluginSubType,isFree,hasLicense) VALUES (87,'MComb',18,'FX','Filter',TRUE,FALSE);
INSERT INTO Plugin(pluginID,Name,devID,pluginType,pluginSubType,isFree,hasLicense) VALUES (88,'MBandPass',18,'FX','Filter',TRUE,FALSE);
INSERT INTO Plugin(pluginID,Name,devID,pluginType,pluginSubType,isFree,hasLicense) VALUES (89,'BX Cleansweep V2',21,'FX','Filter',TRUE,TRUE);
INSERT INTO Plugin(pluginID,Name,devID,pluginType,pluginSubType,isFree,hasLicense) VALUES (90,'Niveau Filter',21,'FX','Filter',TRUE,TRUE);
INSERT INTO Plugin(pluginID,Name,devID,pluginType,pluginSubType,isFree,hasLicense) VALUES (91,'MAutoPan',18,'FX','Modulation',TRUE,FALSE);
INSERT INTO Plugin(pluginID,Name,devID,pluginType,pluginSubType,isFree,hasLicense) VALUES (92,'SPAN',34,'FX','Monitoring',TRUE,FALSE);
INSERT INTO Plugin(pluginID,Name,devID,pluginType,pluginSubType,isFree,hasLicense) VALUES (93,'Rough Rider 3',3,'FX','Dynamics',TRUE,FALSE);
INSERT INTO Plugin(pluginID,Name,devID,pluginType,pluginSubType,isFree,hasLicense) VALUES (94,'MCompressor',18,'FX','Dynamics',TRUE,FALSE);
INSERT INTO Plugin(pluginID,Name,devID,pluginType,pluginSubType,isFree,hasLicense) VALUES (95,'OTT',35,'FX','Dynamics',TRUE,FALSE);
INSERT INTO Plugin(pluginID,Name,devID,pluginType,pluginSubType,isFree,hasLicense) VALUES (96,'ADHD Leveling Tool',1,'FX','Dynamics',TRUE,FALSE);
INSERT INTO Plugin(pluginID,Name,devID,pluginType,pluginSubType,isFree,hasLicense) VALUES (97,'MSaturator',18,'FX','Distortion',TRUE,FALSE);
INSERT INTO Plugin(pluginID,Name,devID,pluginType,pluginSubType,isFree,hasLicense) VALUES (98,'MBitFun',18,'FX','Distortion',TRUE,FALSE);
INSERT INTO Plugin(pluginID,Name,devID,pluginType,pluginSubType,isFree,hasLicense) VALUES (99,'CamelCrusher',6,'FX','Distortion',TRUE,FALSE);
INSERT INTO Plugin(pluginID,Name,devID,pluginType,pluginSubType,isFree,hasLicense) VALUES (100,'Delta Modulator',35,'FX','Distortion',TRUE,FALSE);
INSERT INTO Plugin(pluginID,Name,devID,pluginType,pluginSubType,isFree,hasLicense) VALUES (101,'8 Bit Shaper',35,'FX','Distortion',TRUE,FALSE);
INSERT INTO Plugin(pluginID,Name,devID,pluginType,pluginSubType,isFree,hasLicense) VALUES (102,'Glitch',11,'FX','Host',TRUE,FALSE);
INSERT INTO Plugin(pluginID,Name,devID,pluginType,pluginSubType,isFree,hasLicense) VALUES (103,'Bitter Sweet V3',13,'FX','Dynamics',TRUE,FALSE);
INSERT INTO Plugin(pluginID,Name,devID,pluginType,pluginSubType,isFree,hasLicense) VALUES (104,'Temper',9,'FX','Dynamics',TRUE,FALSE);
INSERT INTO Plugin(pluginID,Name,devID,pluginType,pluginSubType,isFree,hasLicense) VALUES (105,'MWaveFolder',18,'FX','Distortion',TRUE,FALSE);
INSERT INTO Plugin(pluginID,Name,devID,pluginType,pluginSubType,isFree,hasLicense) VALUES (106,'GClip',14,'FX','Distortion',TRUE,FALSE);
INSERT INTO Plugin(pluginID,Name,devID,pluginType,pluginSubType,isFree,hasLicense) VALUES (107,'Loudness Meter II',36,'FX','Monitoring',TRUE,FALSE);
INSERT INTO Plugin(pluginID,Name,devID,pluginType,pluginSubType,isFree,hasLicense) VALUES (108,'Loudness Meter II Pro',36,'FX','Monitoring',FALSE,TRUE);
INSERT INTO Plugin(pluginID,Name,devID,pluginType,pluginSubType,isFree,hasLicense) VALUES (109,'Melodyne Essential',7,'FX','Pitch Correction',FALSE,TRUE);
INSERT INTO Plugin(pluginID,Name,devID,pluginType,pluginSubType,isFree,hasLicense) VALUES (110,'Ozone Imager II',15,'FX','Imaging',TRUE,TRUE);
INSERT INTO Plugin(pluginID,Name,devID,pluginType,pluginSubType,isFree,hasLicense) VALUES (111,'Vocal Doubler',15,'FX','Misc',TRUE,TRUE);
INSERT INTO Plugin(pluginID,Name,devID,pluginType,pluginSubType,isFree,hasLicense) VALUES (112,'Vinyl',15,'FX','Distortion',TRUE,TRUE);
INSERT INTO Plugin(pluginID,Name,devID,pluginType,pluginSubType,isFree,hasLicense) VALUES (113,'Ozone 9 Advanced',15,'FX','Mastering',FALSE,TRUE);
INSERT INTO Plugin(pluginID,Name,devID,pluginType,pluginSubType,isFree,hasLicense) VALUES (114,'Saturation Knob',25,'FX','Distortion',TRUE,TRUE);
INSERT INTO Plugin(pluginID,Name,devID,pluginType,pluginSubType,isFree,hasLicense) VALUES (115,'TDR Molotok',28,'FX','Dynamics',TRUE,FALSE);
INSERT INTO Plugin(pluginID,Name,devID,pluginType,pluginSubType,isFree,hasLicense) VALUES (116,'TDR NOVA',28,'FX','EQ',TRUE,FALSE);
INSERT INTO Plugin(pluginID,Name,devID,pluginType,pluginSubType,isFree,hasLicense) VALUES (117,'TDR VOS SlickEQ',28,'FX','EQ',TRUE,FALSE);
INSERT INTO Plugin(pluginID,Name,devID,pluginType,pluginSubType,isFree,hasLicense) VALUES (118,'TDR Kotelnikov',28,'FX','Dynamics',TRUE,FALSE);
INSERT INTO Plugin(pluginID,Name,devID,pluginType,pluginSubType,isFree,hasLicense) VALUES (119,'VladG Limiter no.6',28,'FX','Dynamics',TRUE,FALSE);
INSERT INTO Plugin(pluginID,Name,devID,pluginType,pluginSubType,isFree,hasLicense) VALUES (120,'Krush',29,'FX','Distortion',TRUE,FALSE);
INSERT INTO Plugin(pluginID,Name,devID,pluginType,pluginSubType,isFree,hasLicense) VALUES (121,'Correlometer',34,'FX','Monitoring',TRUE,FALSE);
INSERT INTO Plugin(pluginID,Name,devID,pluginType,pluginSubType,isFree,hasLicense) VALUES (122,'Sforzando',20,'Generator','ROMpler',TRUE,FALSE);
INSERT INTO Plugin(pluginID,Name,devID,pluginType,pluginSubType,isFree,hasLicense) VALUES (123,'Vital',17,'Generator','Synthesizer',TRUE,FALSE);
INSERT INTO Plugin(pluginID,Name,devID,pluginType,pluginSubType,isFree,hasLicense) VALUES (124,'LABS',26,'Generator','ROMpler',TRUE,FALSE);
INSERT INTO Plugin(pluginID,Name,devID,pluginType,pluginSubType,isFree,hasLicense) VALUES (125,'Serum',35,'Generator','Synthesizer',FALSE,TRUE);

-- Installation Table Values
INSERT INTO Installation(pluginID,pluginFormat,last_updated) VALUES (1,'VST2','2019-04-30');
INSERT INTO Installation(pluginID,pluginFormat,last_updated) VALUES (1,'VST3','2019-04-30');
INSERT INTO Installation(pluginID,pluginFormat,last_updated) VALUES (1,'AAX','2019-04-30');
INSERT INTO Installation(pluginID,pluginFormat,last_updated) VALUES (2,'VST2','2020-11-25');
INSERT INTO Installation(pluginID,pluginFormat,last_updated) VALUES (2,'VST3','2020-11-25');
INSERT INTO Installation(pluginID,pluginFormat,last_updated) VALUES (2,'AAX','2020-11-25');
INSERT INTO Installation(pluginID,pluginFormat,last_updated) VALUES (3,'VST2','2020-11-25');
INSERT INTO Installation(pluginID,pluginFormat,last_updated) VALUES (3,'VST3','2020-11-25');
INSERT INTO Installation(pluginID,pluginFormat,last_updated) VALUES (3,'AAX','2020-11-25');
INSERT INTO Installation(pluginID,pluginFormat,last_updated) VALUES (4,'VST2','2020-11-25');
INSERT INTO Installation(pluginID,pluginFormat,last_updated) VALUES (4,'VST3','2020-11-25');
INSERT INTO Installation(pluginID,pluginFormat,last_updated) VALUES (4,'AAX','2020-11-25');
INSERT INTO Installation(pluginID,pluginFormat,last_updated) VALUES (5,'VST2','2020-11-25');
INSERT INTO Installation(pluginID,pluginFormat,last_updated) VALUES (5,'VST3','2020-11-25');
INSERT INTO Installation(pluginID,pluginFormat,last_updated) VALUES (5,'AAX','2020-11-25');
INSERT INTO Installation(pluginID,pluginFormat,last_updated) VALUES (6,'VST2','2020-11-25');
INSERT INTO Installation(pluginID,pluginFormat,last_updated) VALUES (6,'VST3','2020-11-25');
INSERT INTO Installation(pluginID,pluginFormat,last_updated) VALUES (6,'AAX','2020-11-25');
INSERT INTO Installation(pluginID,pluginFormat,last_updated) VALUES (7,'VST2','2021-08-08');
INSERT INTO Installation(pluginID,pluginFormat,last_updated) VALUES (7,'VST3','2021-08-08');
INSERT INTO Installation(pluginID,pluginFormat,last_updated) VALUES (7,'AAX','2021-08-08');
INSERT INTO Installation(pluginID,pluginFormat,last_updated) VALUES (8,'VST2','2021-08-08');
INSERT INTO Installation(pluginID,pluginFormat,last_updated) VALUES (8,'VST3','2021-08-08');
INSERT INTO Installation(pluginID,pluginFormat,last_updated) VALUES (8,'AAX','2021-08-08');
INSERT INTO Installation(pluginID,pluginFormat,last_updated) VALUES (9,'VST2','2021-08-08');
INSERT INTO Installation(pluginID,pluginFormat,last_updated) VALUES (9,'VST3','2021-08-08');
INSERT INTO Installation(pluginID,pluginFormat,last_updated) VALUES (9,'AAX','2021-08-08');
INSERT INTO Installation(pluginID,pluginFormat,last_updated) VALUES (10,'VST2','2020-11-28');
INSERT INTO Installation(pluginID,pluginFormat,last_updated) VALUES (10,'VST3','2020-11-28');
INSERT INTO Installation(pluginID,pluginFormat,last_updated) VALUES (10,'AAX','2020-11-28');
INSERT INTO Installation(pluginID,pluginFormat,last_updated) VALUES (11,'VST2','2020-11-28');
INSERT INTO Installation(pluginID,pluginFormat,last_updated) VALUES (11,'VST3','2020-11-28');
INSERT INTO Installation(pluginID,pluginFormat,last_updated) VALUES (11,'AAX','2020-11-28');
INSERT INTO Installation(pluginID,pluginFormat,last_updated) VALUES (12,'VST2','2020-11-28');
INSERT INTO Installation(pluginID,pluginFormat,last_updated) VALUES (12,'VST3','2020-11-28');
INSERT INTO Installation(pluginID,pluginFormat,last_updated) VALUES (12,'AAX','2020-11-28');
INSERT INTO Installation(pluginID,pluginFormat,last_updated) VALUES (13,'VST2','2020-11-28');
INSERT INTO Installation(pluginID,pluginFormat,last_updated) VALUES (13,'VST3','2020-11-28');
INSERT INTO Installation(pluginID,pluginFormat,last_updated) VALUES (13,'AAX','2020-11-28');
INSERT INTO Installation(pluginID,pluginFormat,last_updated) VALUES (14,'VST2','2020-11-28');
INSERT INTO Installation(pluginID,pluginFormat,last_updated) VALUES (14,'VST3','2020-11-28');
INSERT INTO Installation(pluginID,pluginFormat,last_updated) VALUES (14,'AAX','2020-11-28');
INSERT INTO Installation(pluginID,pluginFormat,last_updated) VALUES (15,'VST2','2020-11-28');
INSERT INTO Installation(pluginID,pluginFormat,last_updated) VALUES (15,'VST3','2020-11-28');
INSERT INTO Installation(pluginID,pluginFormat,last_updated) VALUES (15,'AAX','2020-11-28');
INSERT INTO Installation(pluginID,pluginFormat,last_updated) VALUES (16,'VST2','2020-11-28');
INSERT INTO Installation(pluginID,pluginFormat,last_updated) VALUES (16,'VST3','2020-11-28');
INSERT INTO Installation(pluginID,pluginFormat,last_updated) VALUES (16,'AAX','2020-11-28');
INSERT INTO Installation(pluginID,pluginFormat,last_updated) VALUES (17,'VST2','2020-11-28');
INSERT INTO Installation(pluginID,pluginFormat,last_updated) VALUES (17,'VST3','2020-11-28');
INSERT INTO Installation(pluginID,pluginFormat,last_updated) VALUES (17,'AAX','2020-11-28');
INSERT INTO Installation(pluginID,pluginFormat,last_updated) VALUES (18,'VST2','2020-11-28');
INSERT INTO Installation(pluginID,pluginFormat,last_updated) VALUES (18,'VST3','2020-11-28');
INSERT INTO Installation(pluginID,pluginFormat,last_updated) VALUES (18,'AAX','2020-11-28');
INSERT INTO Installation(pluginID,pluginFormat,last_updated) VALUES (19,'VST2','2020-11-28');
INSERT INTO Installation(pluginID,pluginFormat,last_updated) VALUES (19,'VST3','2020-11-28');
INSERT INTO Installation(pluginID,pluginFormat,last_updated) VALUES (19,'AAX','2020-11-28');
INSERT INTO Installation(pluginID,pluginFormat,last_updated) VALUES (20,'VST2','2020-11-28');
INSERT INTO Installation(pluginID,pluginFormat,last_updated) VALUES (20,'VST3','2020-11-28');
INSERT INTO Installation(pluginID,pluginFormat,last_updated) VALUES (20,'AAX','2020-11-28');
INSERT INTO Installation(pluginID,pluginFormat,last_updated) VALUES (21,'VST2','2020-11-28');
INSERT INTO Installation(pluginID,pluginFormat,last_updated) VALUES (21,'VST3','2020-11-28');
INSERT INTO Installation(pluginID,pluginFormat,last_updated) VALUES (21,'AAX','2020-11-28');
INSERT INTO Installation(pluginID,pluginFormat,last_updated) VALUES (22,'VST2','2020-11-28');
INSERT INTO Installation(pluginID,pluginFormat,last_updated) VALUES (22,'VST3','2020-11-28');
INSERT INTO Installation(pluginID,pluginFormat,last_updated) VALUES (22,'AAX','2020-11-28');
INSERT INTO Installation(pluginID,pluginFormat,last_updated) VALUES (23,'VST2','2020-11-28');
INSERT INTO Installation(pluginID,pluginFormat,last_updated) VALUES (23,'VST3','2020-11-28');
INSERT INTO Installation(pluginID,pluginFormat,last_updated) VALUES (23,'AAX','2020-11-28');
INSERT INTO Installation(pluginID,pluginFormat,last_updated) VALUES (24,'VST2','2020-11-28');
INSERT INTO Installation(pluginID,pluginFormat,last_updated) VALUES (24,'VST3','2020-11-28');
INSERT INTO Installation(pluginID,pluginFormat,last_updated) VALUES (24,'AAX','2020-11-28');
INSERT INTO Installation(pluginID,pluginFormat,last_updated) VALUES (25,'VST2','2020-11-28');
INSERT INTO Installation(pluginID,pluginFormat,last_updated) VALUES (25,'VST3','2020-11-28');
INSERT INTO Installation(pluginID,pluginFormat,last_updated) VALUES (25,'AAX','2020-11-28');
INSERT INTO Installation(pluginID,pluginFormat,last_updated) VALUES (26,'VST2','2020-11-28');
INSERT INTO Installation(pluginID,pluginFormat,last_updated) VALUES (26,'VST3','2020-11-28');
INSERT INTO Installation(pluginID,pluginFormat,last_updated) VALUES (26,'AAX','2020-11-28');
INSERT INTO Installation(pluginID,pluginFormat,last_updated) VALUES (27,'VST2','2020-11-28');
INSERT INTO Installation(pluginID,pluginFormat,last_updated) VALUES (27,'VST3','2020-11-28');
INSERT INTO Installation(pluginID,pluginFormat,last_updated) VALUES (27,'AAX','2020-11-28');
INSERT INTO Installation(pluginID,pluginFormat,last_updated) VALUES (28,'VST2','2020-11-28');
INSERT INTO Installation(pluginID,pluginFormat,last_updated) VALUES (28,'VST3','2020-11-28');
INSERT INTO Installation(pluginID,pluginFormat,last_updated) VALUES (28,'AAX','2020-11-28');
INSERT INTO Installation(pluginID,pluginFormat,last_updated) VALUES (29,'VST2','2020-11-28');
INSERT INTO Installation(pluginID,pluginFormat,last_updated) VALUES (29,'VST3','2020-11-28');
INSERT INTO Installation(pluginID,pluginFormat,last_updated) VALUES (29,'AAX','2020-11-28');
INSERT INTO Installation(pluginID,pluginFormat,last_updated) VALUES (30,'VST2','2020-11-28');
INSERT INTO Installation(pluginID,pluginFormat,last_updated) VALUES (30,'VST3','2020-11-28');
INSERT INTO Installation(pluginID,pluginFormat,last_updated) VALUES (30,'AAX','2020-11-28');
INSERT INTO Installation(pluginID,pluginFormat,last_updated) VALUES (31,'VST2','2020-11-28');
INSERT INTO Installation(pluginID,pluginFormat,last_updated) VALUES (31,'VST3','2020-11-28');
INSERT INTO Installation(pluginID,pluginFormat,last_updated) VALUES (31,'AAX','2020-11-28');
INSERT INTO Installation(pluginID,pluginFormat,last_updated) VALUES (32,'VST2','2020-11-28');
INSERT INTO Installation(pluginID,pluginFormat,last_updated) VALUES (32,'VST3','2020-11-28');
INSERT INTO Installation(pluginID,pluginFormat,last_updated) VALUES (32,'AAX','2020-11-28');
INSERT INTO Installation(pluginID,pluginFormat,last_updated) VALUES (33,'VST2','2020-11-28');
INSERT INTO Installation(pluginID,pluginFormat,last_updated) VALUES (33,'VST3','2020-11-28');
INSERT INTO Installation(pluginID,pluginFormat,last_updated) VALUES (33,'AAX','2020-11-28');
INSERT INTO Installation(pluginID,pluginFormat,last_updated) VALUES (34,'VST2','2020-11-28');
INSERT INTO Installation(pluginID,pluginFormat,last_updated) VALUES (34,'VST3','2020-11-28');
INSERT INTO Installation(pluginID,pluginFormat,last_updated) VALUES (34,'AAX','2020-11-28');
INSERT INTO Installation(pluginID,pluginFormat,last_updated) VALUES (35,'VST2','2020-11-28');
INSERT INTO Installation(pluginID,pluginFormat,last_updated) VALUES (35,'VST3','2020-11-28');
INSERT INTO Installation(pluginID,pluginFormat,last_updated) VALUES (35,'AAX','2020-11-28');
INSERT INTO Installation(pluginID,pluginFormat,last_updated) VALUES (36,'VST2','2020-11-28');
INSERT INTO Installation(pluginID,pluginFormat,last_updated) VALUES (36,'VST3','2020-11-28');
INSERT INTO Installation(pluginID,pluginFormat,last_updated) VALUES (36,'AAX','2020-11-28');
INSERT INTO Installation(pluginID,pluginFormat,last_updated) VALUES (37,'VST2','2020-11-28');
INSERT INTO Installation(pluginID,pluginFormat,last_updated) VALUES (37,'VST3','2020-11-28');
INSERT INTO Installation(pluginID,pluginFormat,last_updated) VALUES (37,'AAX','2020-11-28');
INSERT INTO Installation(pluginID,pluginFormat,last_updated) VALUES (38,'VST2','2020-11-28');
INSERT INTO Installation(pluginID,pluginFormat,last_updated) VALUES (38,'VST3','2020-11-28');
INSERT INTO Installation(pluginID,pluginFormat,last_updated) VALUES (38,'AAX','2020-11-28');
INSERT INTO Installation(pluginID,pluginFormat,last_updated) VALUES (39,'VST2','2020-11-28');
INSERT INTO Installation(pluginID,pluginFormat,last_updated) VALUES (39,'VST3','2020-11-28');
INSERT INTO Installation(pluginID,pluginFormat,last_updated) VALUES (39,'AAX','2020-11-28');
INSERT INTO Installation(pluginID,pluginFormat,last_updated) VALUES (40,'VST2','2020-11-28');
INSERT INTO Installation(pluginID,pluginFormat,last_updated) VALUES (40,'VST3','2020-11-28');
INSERT INTO Installation(pluginID,pluginFormat,last_updated) VALUES (40,'AAX','2020-11-28');
INSERT INTO Installation(pluginID,pluginFormat,last_updated) VALUES (41,'VST2','2020-11-28');
INSERT INTO Installation(pluginID,pluginFormat,last_updated) VALUES (41,'VST3','2020-11-28');
INSERT INTO Installation(pluginID,pluginFormat,last_updated) VALUES (41,'AAX','2020-11-28');
INSERT INTO Installation(pluginID,pluginFormat,last_updated) VALUES (42,'VST2','2020-11-28');
INSERT INTO Installation(pluginID,pluginFormat,last_updated) VALUES (42,'VST3','2020-11-28');
INSERT INTO Installation(pluginID,pluginFormat,last_updated) VALUES (42,'AAX','2020-11-28');
INSERT INTO Installation(pluginID,pluginFormat,last_updated) VALUES (43,'VST2','2020-11-28');
INSERT INTO Installation(pluginID,pluginFormat,last_updated) VALUES (43,'VST3','2020-11-28');
INSERT INTO Installation(pluginID,pluginFormat,last_updated) VALUES (43,'AAX','2020-11-28');
INSERT INTO Installation(pluginID,pluginFormat,last_updated) VALUES (44,'VST2','2020-11-28');
INSERT INTO Installation(pluginID,pluginFormat,last_updated) VALUES (44,'VST3','2020-11-28');
INSERT INTO Installation(pluginID,pluginFormat,last_updated) VALUES (44,'AAX','2020-11-28');
INSERT INTO Installation(pluginID,pluginFormat,last_updated) VALUES (45,'VST2','2020-11-28');
INSERT INTO Installation(pluginID,pluginFormat,last_updated) VALUES (45,'VST3','2020-11-28');
INSERT INTO Installation(pluginID,pluginFormat,last_updated) VALUES (45,'AAX','2020-11-28');
INSERT INTO Installation(pluginID,pluginFormat,last_updated) VALUES (46,'VST2','2020-11-28');
INSERT INTO Installation(pluginID,pluginFormat,last_updated) VALUES (46,'VST3','2020-11-28');
INSERT INTO Installation(pluginID,pluginFormat,last_updated) VALUES (46,'AAX','2020-11-28');
INSERT INTO Installation(pluginID,pluginFormat,last_updated) VALUES (47,'VST2','2020-07-11');
INSERT INTO Installation(pluginID,pluginFormat,last_updated) VALUES (47,'VST3','2020-07-11');
INSERT INTO Installation(pluginID,pluginFormat,last_updated) VALUES (47,'AAX','2020-07-11');
INSERT INTO Installation(pluginID,pluginFormat,last_updated) VALUES (48,'VST2','2020-07-11');
INSERT INTO Installation(pluginID,pluginFormat,last_updated) VALUES (48,'VST3','2020-07-11');
INSERT INTO Installation(pluginID,pluginFormat,last_updated) VALUES (48,'AAX','2020-07-11');
INSERT INTO Installation(pluginID,pluginFormat,last_updated) VALUES (49,'VST2','2020-07-11');
INSERT INTO Installation(pluginID,pluginFormat,last_updated) VALUES (49,'VST3','2020-07-11');
INSERT INTO Installation(pluginID,pluginFormat,last_updated) VALUES (49,'AAX','2020-07-11');
INSERT INTO Installation(pluginID,pluginFormat,last_updated) VALUES (50,'VST2','2020-07-11');
INSERT INTO Installation(pluginID,pluginFormat,last_updated) VALUES (50,'VST3','2020-07-11');
INSERT INTO Installation(pluginID,pluginFormat,last_updated) VALUES (50,'AAX','2020-07-11');
INSERT INTO Installation(pluginID,pluginFormat,last_updated) VALUES (51,'VST2','2020-07-11');
INSERT INTO Installation(pluginID,pluginFormat,last_updated) VALUES (51,'VST3','2020-07-11');
INSERT INTO Installation(pluginID,pluginFormat,last_updated) VALUES (51,'AAX','2020-07-11');
INSERT INTO Installation(pluginID,pluginFormat,last_updated) VALUES (52,'VST2','2020-07-11');
INSERT INTO Installation(pluginID,pluginFormat,last_updated) VALUES (52,'VST3','2020-07-11');
INSERT INTO Installation(pluginID,pluginFormat,last_updated) VALUES (52,'AAX','2020-07-11');
INSERT INTO Installation(pluginID,pluginFormat,last_updated) VALUES (53,'VST2','2020-07-11');
INSERT INTO Installation(pluginID,pluginFormat,last_updated) VALUES (53,'VST3','2020-07-11');
INSERT INTO Installation(pluginID,pluginFormat,last_updated) VALUES (53,'AAX','2020-07-11');
INSERT INTO Installation(pluginID,pluginFormat,last_updated) VALUES (54,'VST2','2020-07-11');
INSERT INTO Installation(pluginID,pluginFormat,last_updated) VALUES (54,'VST3','2020-07-11');
INSERT INTO Installation(pluginID,pluginFormat,last_updated) VALUES (54,'AAX','2020-07-11');
INSERT INTO Installation(pluginID,pluginFormat,last_updated) VALUES (55,'VST2','2020-07-11');
INSERT INTO Installation(pluginID,pluginFormat,last_updated) VALUES (55,'VST3','2020-07-11');
INSERT INTO Installation(pluginID,pluginFormat,last_updated) VALUES (55,'AAX','2020-07-11');
INSERT INTO Installation(pluginID,pluginFormat,last_updated) VALUES (56,'VST2','2018-12-01');
INSERT INTO Installation(pluginID,pluginFormat,last_updated) VALUES (57,'VST2','2017-02-08');
INSERT INTO Installation(pluginID,pluginFormat,last_updated) VALUES (58,'VST2','2017-09-22');
INSERT INTO Installation(pluginID,pluginFormat,last_updated) VALUES (59,'VST2','2019-07-22');
INSERT INTO Installation(pluginID,pluginFormat,last_updated) VALUES (60,'AAX','2021-05-12');
INSERT INTO Installation(pluginID,pluginFormat,last_updated) VALUES (61,'VST2','2018-12-01');
INSERT INTO Installation(pluginID,pluginFormat,last_updated) VALUES (62,'VST2','2018-12-01');
INSERT INTO Installation(pluginID,pluginFormat,last_updated) VALUES (62,'VST3','2018-12-01');
INSERT INTO Installation(pluginID,pluginFormat,last_updated) VALUES (63,'VST2','2020-01-25');
INSERT INTO Installation(pluginID,pluginFormat,last_updated) VALUES (64,'VST2','2017-04-05');
INSERT INTO Installation(pluginID,pluginFormat,last_updated) VALUES (64,'VST3','2017-04-05');
INSERT INTO Installation(pluginID,pluginFormat,last_updated) VALUES (64,'AAX','2017-04-05');
INSERT INTO Installation(pluginID,pluginFormat,last_updated) VALUES (65,'VST2','2018-01-17');
INSERT INTO Installation(pluginID,pluginFormat,last_updated) VALUES (66,'VST2','2019-07-14');
INSERT INTO Installation(pluginID,pluginFormat,last_updated) VALUES (66,'VST3','2019-07-14');
INSERT INTO Installation(pluginID,pluginFormat,last_updated) VALUES (67,'VST2','2021-05-12');
INSERT INTO Installation(pluginID,pluginFormat,last_updated) VALUES (68,'VST2','2017-05-24');
INSERT INTO Installation(pluginID,pluginFormat,last_updated) VALUES (68,'VST3','2017-05-24');
INSERT INTO Installation(pluginID,pluginFormat,last_updated) VALUES (69,'VST2','2018-04-04');
INSERT INTO Installation(pluginID,pluginFormat,last_updated) VALUES (70,'VST2','2019-07-22');
INSERT INTO Installation(pluginID,pluginFormat,last_updated) VALUES (71,'VST2','2020-01-25');
INSERT INTO Installation(pluginID,pluginFormat,last_updated) VALUES (72,'VST2','2017-06-19');
INSERT INTO Installation(pluginID,pluginFormat,last_updated) VALUES (72,'VST3','2017-06-19');
INSERT INTO Installation(pluginID,pluginFormat,last_updated) VALUES (73,'VST2','2018-09-03');
INSERT INTO Installation(pluginID,pluginFormat,last_updated) VALUES (74,'VST2','2020-03-19');
INSERT INTO Installation(pluginID,pluginFormat,last_updated) VALUES (75,'VST2','2017-04-05');
INSERT INTO Installation(pluginID,pluginFormat,last_updated) VALUES (75,'VST3','2017-04-05');
INSERT INTO Installation(pluginID,pluginFormat,last_updated) VALUES (75,'AAX','2017-04-05');
INSERT INTO Installation(pluginID,pluginFormat,last_updated) VALUES (75,'VST3','2017-04-05');
INSERT INTO Installation(pluginID,pluginFormat,last_updated) VALUES (76,'VST2','2017-09-22');
INSERT INTO Installation(pluginID,pluginFormat,last_updated) VALUES (77,'VST2','2020-11-27');
INSERT INTO Installation(pluginID,pluginFormat,last_updated) VALUES (77,'VST3','2020-11-27');
INSERT INTO Installation(pluginID,pluginFormat,last_updated) VALUES (77,'AAX','2020-11-27');
INSERT INTO Installation(pluginID,pluginFormat,last_updated) VALUES (78,'VST2','2017-04-05');
INSERT INTO Installation(pluginID,pluginFormat,last_updated) VALUES (78,'VST3','2017-04-05');
INSERT INTO Installation(pluginID,pluginFormat,last_updated) VALUES (78,'AAX','2017-04-05');
INSERT INTO Installation(pluginID,pluginFormat,last_updated) VALUES (79,'VST2','2020-12-27');
INSERT INTO Installation(pluginID,pluginFormat,last_updated) VALUES (80,'VST2','2017-04-05');
INSERT INTO Installation(pluginID,pluginFormat,last_updated) VALUES (80,'VST3','2017-04-05');
INSERT INTO Installation(pluginID,pluginFormat,last_updated) VALUES (80,'AAX','2017-04-05');
INSERT INTO Installation(pluginID,pluginFormat,last_updated) VALUES (81,'VST2','2017-04-05');
INSERT INTO Installation(pluginID,pluginFormat,last_updated) VALUES (81,'VST3','2017-04-05');
INSERT INTO Installation(pluginID,pluginFormat,last_updated) VALUES (81,'AAX','2017-04-05');
INSERT INTO Installation(pluginID,pluginFormat,last_updated) VALUES (82,'VST2','2017-04-05');
INSERT INTO Installation(pluginID,pluginFormat,last_updated) VALUES (82,'VST3','2017-04-05');
INSERT INTO Installation(pluginID,pluginFormat,last_updated) VALUES (82,'AAX','2017-04-05');
INSERT INTO Installation(pluginID,pluginFormat,last_updated) VALUES (83,'VST2','2017-04-05');
INSERT INTO Installation(pluginID,pluginFormat,last_updated) VALUES (83,'VST3','2017-04-05');
INSERT INTO Installation(pluginID,pluginFormat,last_updated) VALUES (83,'AAX','2017-04-05');
INSERT INTO Installation(pluginID,pluginFormat,last_updated) VALUES (84,'VST2','2017-04-05');
INSERT INTO Installation(pluginID,pluginFormat,last_updated) VALUES (84,'VST3','2017-04-05');
INSERT INTO Installation(pluginID,pluginFormat,last_updated) VALUES (84,'AAX','2017-04-05');
INSERT INTO Installation(pluginID,pluginFormat,last_updated) VALUES (85,'VST2','2017-04-05');
INSERT INTO Installation(pluginID,pluginFormat,last_updated) VALUES (85,'VST3','2017-04-05');
INSERT INTO Installation(pluginID,pluginFormat,last_updated) VALUES (85,'AAX','2017-04-05');
INSERT INTO Installation(pluginID,pluginFormat,last_updated) VALUES (86,'VST2','2017-04-05');
INSERT INTO Installation(pluginID,pluginFormat,last_updated) VALUES (87,'VST2','2017-04-05');
INSERT INTO Installation(pluginID,pluginFormat,last_updated) VALUES (87,'VST3','2017-04-05');
INSERT INTO Installation(pluginID,pluginFormat,last_updated) VALUES (87,'AAX','2017-04-05');
INSERT INTO Installation(pluginID,pluginFormat,last_updated) VALUES (88,'VST2','2017-04-05');
INSERT INTO Installation(pluginID,pluginFormat,last_updated) VALUES (88,'VST3','2017-04-05');
INSERT INTO Installation(pluginID,pluginFormat,last_updated) VALUES (88,'AAX','2017-04-05');
INSERT INTO Installation(pluginID,pluginFormat,last_updated) VALUES (89,'VST2','2017-05-24');
INSERT INTO Installation(pluginID,pluginFormat,last_updated) VALUES (89,'VST3','2017-05-24');
INSERT INTO Installation(pluginID,pluginFormat,last_updated) VALUES (89,'AAX','2017-05-24');
INSERT INTO Installation(pluginID,pluginFormat,last_updated) VALUES (90,'VST2','2017-05-24');
INSERT INTO Installation(pluginID,pluginFormat,last_updated) VALUES (90,'VST3','2017-05-24');
INSERT INTO Installation(pluginID,pluginFormat,last_updated) VALUES (90,'AAX','2017-05-24');
INSERT INTO Installation(pluginID,pluginFormat,last_updated) VALUES (91,'VST2','2017-04-05');
INSERT INTO Installation(pluginID,pluginFormat,last_updated) VALUES (91,'VST3','2017-04-05');
INSERT INTO Installation(pluginID,pluginFormat,last_updated) VALUES (91,'AAX','2017-04-05');
INSERT INTO Installation(pluginID,pluginFormat,last_updated) VALUES (92,'VST2','2017-09-22');
INSERT INTO Installation(pluginID,pluginFormat,last_updated) VALUES (92,'VST3','2017-09-22');
INSERT INTO Installation(pluginID,pluginFormat,last_updated) VALUES (92,'AAX','2017-09-22');
INSERT INTO Installation(pluginID,pluginFormat,last_updated) VALUES (93,'VST2','2018-10-08');
INSERT INTO Installation(pluginID,pluginFormat,last_updated) VALUES (94,'VST2','2017-04-05');
INSERT INTO Installation(pluginID,pluginFormat,last_updated) VALUES (94,'VST3','2017-04-05');
INSERT INTO Installation(pluginID,pluginFormat,last_updated) VALUES (94,'AAX','2017-04-05');
INSERT INTO Installation(pluginID,pluginFormat,last_updated) VALUES (95,'VST2','2017-11-29');
INSERT INTO Installation(pluginID,pluginFormat,last_updated) VALUES (96,'VST2','2018-12-01');
INSERT INTO Installation(pluginID,pluginFormat,last_updated) VALUES (97,'VST2','2017-04-05');
INSERT INTO Installation(pluginID,pluginFormat,last_updated) VALUES (97,'VST3','2017-04-05');
INSERT INTO Installation(pluginID,pluginFormat,last_updated) VALUES (97,'AAX','2017-04-05');
INSERT INTO Installation(pluginID,pluginFormat,last_updated) VALUES (98,'VST2','2017-04-05');
INSERT INTO Installation(pluginID,pluginFormat,last_updated) VALUES (98,'VST3','2017-04-05');
INSERT INTO Installation(pluginID,pluginFormat,last_updated) VALUES (98,'AAX','2017-04-05');
INSERT INTO Installation(pluginID,pluginFormat,last_updated) VALUES (99,'VST2','2018-12-01');
INSERT INTO Installation(pluginID,pluginFormat,last_updated) VALUES (100,'VST2','2017-11-29');
INSERT INTO Installation(pluginID,pluginFormat,last_updated) VALUES (101,'VST2','2017-11-29');
INSERT INTO Installation(pluginID,pluginFormat,last_updated) VALUES (102,'VST2','2019-04-11');
INSERT INTO Installation(pluginID,pluginFormat,last_updated) VALUES (103,'VST3','2019-04-11');
INSERT INTO Installation(pluginID,pluginFormat,last_updated) VALUES (104,'VST2','2019-04-11');
INSERT INTO Installation(pluginID,pluginFormat,last_updated) VALUES (105,'VST2','2017-04-05');
INSERT INTO Installation(pluginID,pluginFormat,last_updated) VALUES (105,'VST3','2017-04-05');
INSERT INTO Installation(pluginID,pluginFormat,last_updated) VALUES (105,'AAX','2017-04-05');
INSERT INTO Installation(pluginID,pluginFormat,last_updated) VALUES (106,'VST2','2020-12-27');
INSERT INTO Installation(pluginID,pluginFormat,last_updated) VALUES (107,'VST2','2017-09-22');
INSERT INTO Installation(pluginID,pluginFormat,last_updated) VALUES (107,'VST3','2017-09-22');
INSERT INTO Installation(pluginID,pluginFormat,last_updated) VALUES (107,'AAX','2017-09-22');
INSERT INTO Installation(pluginID,pluginFormat,last_updated) VALUES (108,'VST2','2018-09-20');
INSERT INTO Installation(pluginID,pluginFormat,last_updated) VALUES (108,'VST3','2018-09-20');
INSERT INTO Installation(pluginID,pluginFormat,last_updated) VALUES (108,'AAX','2018-09-20');
INSERT INTO Installation(pluginID,pluginFormat,last_updated) VALUES (109,'VST2','2020-08-21');
INSERT INTO Installation(pluginID,pluginFormat,last_updated) VALUES (109,'VST3','2020-08-21');
INSERT INTO Installation(pluginID,pluginFormat,last_updated) VALUES (110,'VST2','2017-06-19');
INSERT INTO Installation(pluginID,pluginFormat,last_updated) VALUES (110,'VST3','2017-06-19');
INSERT INTO Installation(pluginID,pluginFormat,last_updated) VALUES (110,'AAX','2017-06-19');
INSERT INTO Installation(pluginID,pluginFormat,last_updated) VALUES (111,'VST2','2017-06-19');
INSERT INTO Installation(pluginID,pluginFormat,last_updated) VALUES (111,'VST3','2017-06-19');
INSERT INTO Installation(pluginID,pluginFormat,last_updated) VALUES (111,'AAX','2017-06-19');
INSERT INTO Installation(pluginID,pluginFormat,last_updated) VALUES (112,'VST2','2017-06-19');
INSERT INTO Installation(pluginID,pluginFormat,last_updated) VALUES (112,'VST3','2017-06-19');
INSERT INTO Installation(pluginID,pluginFormat,last_updated) VALUES (112,'AAX','2017-06-19');
INSERT INTO Installation(pluginID,pluginFormat,last_updated) VALUES (113,'VST2','2020-08-21');
INSERT INTO Installation(pluginID,pluginFormat,last_updated) VALUES (113,'VST3','2020-08-21');
INSERT INTO Installation(pluginID,pluginFormat,last_updated) VALUES (113,'AAX','2020-08-21');
INSERT INTO Installation(pluginID,pluginFormat,last_updated) VALUES (114,'VST2','2017-06-19');
INSERT INTO Installation(pluginID,pluginFormat,last_updated) VALUES (114,'VST3','2017-06-19');
INSERT INTO Installation(pluginID,pluginFormat,last_updated) VALUES (115,'VST2','2020-10-16');
INSERT INTO Installation(pluginID,pluginFormat,last_updated) VALUES (115,'VST3','2020-10-16');
INSERT INTO Installation(pluginID,pluginFormat,last_updated) VALUES (116,'VST2','2020-10-16');
INSERT INTO Installation(pluginID,pluginFormat,last_updated) VALUES (116,'VST3','2020-10-16');
INSERT INTO Installation(pluginID,pluginFormat,last_updated) VALUES (117,'VST2','2020-10-16');
INSERT INTO Installation(pluginID,pluginFormat,last_updated) VALUES (117,'VST3','2020-10-16');
INSERT INTO Installation(pluginID,pluginFormat,last_updated) VALUES (118,'VST2','2020-10-16');
INSERT INTO Installation(pluginID,pluginFormat,last_updated) VALUES (118,'VST3','2020-10-16');
INSERT INTO Installation(pluginID,pluginFormat,last_updated) VALUES (119,'VST2','2020-10-16');
INSERT INTO Installation(pluginID,pluginFormat,last_updated) VALUES (120,'VST2','2017-06-19');
INSERT INTO Installation(pluginID,pluginFormat,last_updated) VALUES (120,'VST3','2017-06-19');
INSERT INTO Installation(pluginID,pluginFormat,last_updated) VALUES (121,'VST2','2017-09-22');
INSERT INTO Installation(pluginID,pluginFormat,last_updated) VALUES (122,'VST2','2020-05-13');
INSERT INTO Installation(pluginID,pluginFormat,last_updated) VALUES (123,'VST2','2020-11-24');
INSERT INTO Installation(pluginID,pluginFormat,last_updated) VALUES (123,'VST3','2020-11-24');
INSERT INTO Installation(pluginID,pluginFormat,last_updated) VALUES (124,'VST2','2017-06-19');
INSERT INTO Installation(pluginID,pluginFormat,last_updated) VALUES (124,'VST3','2017-06-19');
INSERT INTO Installation(pluginID,pluginFormat,last_updated) VALUES (124,'AAX','2017-06-19');
INSERT INTO Installation(pluginID,pluginFormat,last_updated) VALUES (125,'VST2','2017-11-29');

-- DAW Table Values
INSERT INTO DAW(dawName,devID,dawVersion,last_updated) VALUES ('FL Studio',37,'20','2019-11-28');
INSERT INTO DAW(dawName,devID,dawVersion,last_updated) VALUES ('Ableton Live',38,'11','2021-02-23');
INSERT INTO DAW(dawName,devID,dawVersion,last_updated) VALUES ('Studio One',39,'6','2022-09-29');
INSERT INTO DAW(dawName,devID,dawVersion,last_updated) VALUES ('Cubase',41,'12','2022-03-02');
INSERT INTO DAW(dawName,devID,dawVersion,last_updated) VALUES ('Pro Tools',42,'2022.4','2022-04-26');
INSERT INTO DAW(dawName,devID,dawVersion,last_updated) VALUES ('Reaper',40,'6','2020-12-27');

-- SearchPath Table Values
INSERT INTO SearchPath(pluginFormat,filepath,sys_disk,bits) VALUES ('VST2','Program Files (x86)/Steinberg/VstPlugins/','C',32);
INSERT INTO SearchPath(pluginFormat,filepath,sys_disk,bits) VALUES ('VST2','Program Files/Steinberg/VstPlugins/','C',64);
INSERT INTO SearchPath(pluginFormat,filepath,sys_disk,bits) VALUES ('VST2','Program Files (x86)/VstPlugins/','C',32);
INSERT INTO SearchPath(pluginFormat,filepath,sys_disk,bits) VALUES ('VST2','Program Files/VstPlugins/','C','64');
INSERT INTO SearchPath(pluginFormat,filepath,sys_disk,bits) VALUES ('VST2','Program Files/Common Files/VST2/','C',64);
INSERT INTO SearchPath(pluginFormat,filepath,sys_disk,bits) VALUES ('VST2','Media Creation/Audio Production/Plugins/32 Bit','G',32);
INSERT INTO SearchPath(pluginFormat,filepath,sys_disk,bits) VALUES ('VST2','Media Creation/Audio Production/Plugins/64 Bit','G',64);
INSERT INTO SearchPath(pluginFormat,filepath,sys_disk,bits) VALUES ('VST3','Program Files (x86)/Common Files/VST3/','C',32);
INSERT INTO SearchPath(pluginFormat,filepath,sys_disk,bits) VALUES ('VST3','Program Files/Common Files/VST3/','C',64);